{
  "P_now_W": 124,
  "E_res_kWh": 224
}
{
  "P_now_W": 120,
  "E_res_kWh": 224
}
{
  "P_now_W": 120,
  "E_res_kWh": 224
}
{
  "P_now_W": 122,
  "E_res_kWh": 224
}
{
  "P_now_W": 129,
  "E_res_kWh": 224
}
{
  "P_now_W": 133,
  "E_res_kWh": 224
}
{
  "P_now_W": 117,
  "E_res_kWh": 224
}
{
  "P_now_W": 124,
  "E_res_kWh": 224
}
{
  "P_now_W": 132,
  "E_res_kWh": 224.00099999999998
}
{
  "P_now_W": 114,
  "E_res_kWh": 224.00099999999998
}
{
  "P_now_W": 132,
  "E_res_kWh": 224.00099999999998
}
{
  "P_now_W": 121,
  "E_res_kWh": 224.00099999999998
}
{
  "P_now_W": 136,
  "E_res_kWh": 224.00099999999998
}
{
  "P_now_W": 124,
  "E_res_kWh": 224.00099999999998
}
{
  "P_now_W": 118,
  "E_res_kWh": 224.00099999999998
}
{
  "P_now_W": 123,
  "E_res_kWh": 224.00099999999998
}
{
  "P_now_W": 133,
  "E_res_kWh": 224.00099999999998
}
{
  "P_now_W": 119,
  "E_res_kWh": 224.00099999999998
}
{
  "P_now_W": 123,
  "E_res_kWh": 224.00099999999998
}
{
  "P_now_W": 142,
  "E_res_kWh": 224.00099999999998
}
{
  "P_now_W": 116,
  "E_res_kWh": 224.00099999999998
}
{
  "P_now_W": 130,
  "E_res_kWh": 224.00099999999998
}
{
  "P_now_W": 118,
  "E_res_kWh": 224.00099999999998
}
{
  "P_now_W": 134,
  "E_res_kWh": 224.00099999999998
}
{
  "P_now_W": 132,
  "E_res_kWh": 224.00099999999998
}
{
  "P_now_W": 121,
  "E_res_kWh": 224.00099999999998
}
{
  "P_now_W": 128,
  "E_res_kWh": 224.00099999999998
}
