{
  "P_now_W": 102,
  "E_res_kWh": 226.788
}
{
  "P_now_W": 110,
  "E_res_kWh": 226.788
}
{
  "P_now_W": 113,
  "E_res_kWh": 226.788
}
{
  "P_now_W": 132,
  "E_res_kWh": 226.788
}
{
  "P_now_W": 112,
  "E_res_kWh": 226.788
}
{
  "P_now_W": 117,
  "E_res_kWh": 226.788
}
{
  "P_now_W": 140,
  "E_res_kWh": 226.788
}
{
  "P_now_W": 107,
  "E_res_kWh": 226.788
}
{
  "P_now_W": 115,
  "E_res_kWh": 226.788
}
{
  "P_now_W": 122,
  "E_res_kWh": 226.788
}
{
  "P_now_W": 111,
  "E_res_kWh": 226.788
}
{
  "P_now_W": 142,
  "E_res_kWh": 226.788
}
{
  "P_now_W": 114,
  "E_res_kWh": 226.788
}
{
  "P_now_W": 109,
  "E_res_kWh": 226.788
}
{
  "P_now_W": 105,
  "E_res_kWh": 226.788
}
{
  "P_now_W": 114,
  "E_res_kWh": 226.788
}
{
  "P_now_W": 132,
  "E_res_kWh": 226.788
}
{
  "P_now_W": 104,
  "E_res_kWh": 226.788
}
{
  "P_now_W": 106,
  "E_res_kWh": 226.789
}
{
  "P_now_W": 122,
  "E_res_kWh": 226.789
}
{
  "P_now_W": 103,
  "E_res_kWh": 226.789
}
{
  "P_now_W": 104,
  "E_res_kWh": 226.79000000000002
}
{
  "P_now_W": 105,
  "E_res_kWh": 226.79000000000002
}
{
  "P_now_W": 104,
  "E_res_kWh": 226.79000000000002
}
{
  "P_now_W": 140,
  "E_res_kWh": 226.79000000000002
}
{
  "P_now_W": 104,
  "E_res_kWh": 226.79000000000002
}
{
  "P_now_W": 102,
  "E_res_kWh": 226.79000000000002
}
{
  "P_now_W": 104,
  "E_res_kWh": 226.79000000000002
}
{
  "P_now_W": 106,
  "E_res_kWh": 226.79000000000002
}
{
  "P_now_W": 104,
  "E_res_kWh": 226.79000000000002
}
